The Ring (1927),The Farmers Wife (1928),Champagne (1928),The Manxman (1929),Blackmail (1929),Murder (1930),The Skin Game (1931),Rich and Strange (1931),Number Seventeen (1932)
0.17604692171042957,0.07524983733606401,0.004760131448227416,0.016365188443737695,0.29602574073310345,0.1860479434385051,0.05942599181822138,0,0
0.33191802188288233,0.16259649530796802,0.06277451155943914,0.08136534075761717,0.42090596811246583,0.22193604179952778,0.08756580585028703,0.027430469000919073,0.005978334989922832
0.5038065261033118,0.26569937184697334,0.1457367729838786,0.17009144653437702,0.5189201481230785,0.22838341352077562,0.10397893704597609,0.07945186365365643,0.015391722491862936
0.660427759931177,0.3794498786819973,0.25421183738656433,0.27454000870482126,0.5762711315733273,0.23591165504185596,0.09937374645099374,0.15965092942762368,0.02782702904407673
0.7707137315078298,0.5056378016411763,0.38367938914912986,0.3678650485219208,0.6010241604582504,0.2627549070471499,0.07634282289349356,0.2589715984759269,0.04119500560399318
0.8217479405237468,0.6362480348711997,0.5205413148591856,0.4172980455425124,0.6076221350324047,0.29549382056394097,0.047120265708346244,0.3562262196421545,0.052023386444287736
0.8280560540171452,0.7297638152954847,0.6457321588222479,0.41082085913279004,0.5990721952126816,0.3189280190119686,0.023580892725077306,0.4309532387424572,0.056838940838950226
0.8180071038777268,0.7403354754192428,0.7481299876845029,0.3673186204466217,0.5668138163205048,0.34029373292857673,0.010741016237540436,0.479128397304655,0.053968386105790356
0.8096236203847423,0.6864860542725069,0.8327589076864166,0.3172126653513842,0.5087739070525301,0.37500001080097856,0.008911420695251679,0.5138340943106159,0.04455594973228792
0.802541309014071,0.6499863090321296,0.9096548657106163,0.2774460183952425,0.4432967992033456,0.4189455033710429,0.019981304062269944,0.5464860603535932,0.0320931384193935
0.7902263177628357,0.6834136260056103,0.9734646812912634,0.24780082975768267,0.4002569904089902,0.44382818843614036,0.05152020364867433,0.5688369973535989,0.02092799354381158
0.7710114990363105,0.7532650796491274,1,0.22635108754338748,0.3989438519340615,0.4253254313830095,0.11563746201871014,0.559936089751436,0.01494002508140425
0.7452077137596459,0.7888764298524307,0.9690630383968875,0.21868948161435153,0.43734051556889736,0.3741560541068336,0.22300887326016622,0.5130942838786505,0.017159882005305268
0.7080388652967804,0.7517299806151994,0.8881305653404042,0.23229786286917264,0.4994459518571979,0.3311466411536734,0.3756928538860053,0.4492657892348285,0.030071576746233643
0.6504354847665194,0.649503280971853,0.786669574599284,0.2691587884689504,0.5636365027591871,0.32568589901623324,0.5623892612450587,0.39782002014094026,0.05570819555341379
0.5698989835399185,0.5214830640701276,0.6901933809187566,0.3280311326341882,0.6027444019788366,0.3433002394314687,0.7557255216051457,0.3680859610710264,0.09495816523984106
0.4832654204133542,0.4177322987047311,0.6084427854922934,0.40876693146919574,0.5907673383697496,0.34434762549874476,0.9117793117673367,0.3471365927030845,0.14635156889243017
0.4227314799010892,0.3646191329936239,0.5441673889657859,0.5069261411736654,0.523553363687933,0.3088095569447771,0.9794295684866994,0.31957046129666555,0.20519808744021548
0.40964715253705286,0.3501681201581469,0.4990107332293485,0.6059575223083624,0.4300199320257493,0.2514189943365825,0.9239722223620598,0.28327583717398397,0.2638296234382378
0.4341292397748228,0.3532529596050233,0.46764428619070536,0.6836914751797857,0.3533191659320306,0.20285226213732457,0.7555634046047032,0.2476753719177853,0.3130790979030202
0.46776337936404727,0.3721102653629664,0.4355375673439618,0.729746226987561,0.3186628106787641,0.18660491933382337,0.5290749937120771,0.2233696028308871,0.3446052287160367
0.4940926405352339,0.41622148095002603,0.3903563953874094,0.7522249971987811,0.3201612243398066,0.20531466113056035,0.3137778088632862,0.21651659734431009,0.3535192858141326
0.5197675290575813,0.4859958774931966,0.33748017946634745,0.7670503757451439,0.33452774891177733,0.2371176520857567,0.1563557003648754,0.23006037429727363,0.3406150303201728
0.5572647876369393,0.565725581515059,0.30185516486824937,0.7866299006129305,0.3420641089199689,0.24539998855663706,0.06595642826614675,0.2644591573366384,0.31302619344158916
0.6051965449462419,0.6261402979562334,0.309390868284509,0.8183739919166891,0.3354870620204467,0.2066018642703165,0.02712953165438288,0.31380825498378945,0.28196468813336417
0.649263697495544,0.6390548831535862,0.36427286005447684,0.8629423552652962,0.3156827359351266,0.13450115282532824,0.021567559479489986,0.36423906226750674,0.2574959699492436
0.6773844521249762,0.6025144351894467,0.44713237047575466,0.9057792435117809,0.2854779272323341,0.06592284388218178,0.03937399588503373,0.401228902349941,0.24296209246853823
0.6884829211475914,0.5451245184132814,0.5357059675973681,0.9160221199458675,0.2492271819504701,0.024261999009171028,0.07555563503908916,0.4172192750358552,0.23325899028411182
0.6868504238306825,0.49626295121795394,0.6197418500909303,0.8647375934166448,0.21588172568606492,0.008473543309148289,0.12015976354053334,0.4089749514993996,0.21909934162718686
0.6716639961840764,0.4586806139866885,0.6903348884804849,0.7486050444841296,0.19778713861212396,0.010254560278812401,0.15568427251680045,0.3735974486776954,0.19446421073974626
0.6374224224265356,0.4193507195895499,0.7274024904003306,0.5954809518046776,0.20324218136968633,0.028969505896624503,0.168713841516203,0.3151518013628812,0.1612805408290277
0.5888015165663566,0.3800960446110842,0.7182105367159077,0.4486718080819519,0.23088438284080443,0.07019915617819007,0.16463401344558115,0.25141602245786937,0.1276102333315813
0.5505972437059374,0.35569820340381286,0.6875402031720668,0.34609568340937064,0.2734113112556671,0.13307503621608197,0.1653781169754568,0.20529476561737484,0.10150599868892254
0.5516831241817829,0.3418964204122742,0.6887242286668751,0.3076841354590606,0.32693130711714324,0.1995657207575554,0.18767815550266304,0.18808968136225665,0.08543380246958052
0.5933892771522614,0.31710533244052624,0.7524219118201323,0.33321495024794107,0.3945650161279467,0.24183655335115165,0.22410602257450016,0.19364425246367806,0.07636501836913104
0.6388303257433094,0.2834919375608991,0.8479818773745155,0.40667657606165486,0.4771135658612289,0.2477111510329444,0.2484510136817866,0.20849662733993293,0.07000804513767475
0.6418398285778375,0.2771700876374894,0.9021028317185931,0.5021247983063877,0.5586483719089431,0.2332702136372587,0.24012854645346482,0.22554905798391303,0.06463117238383269
0.5883714391339147,0.3268752908041657,0.8610707686085568,0.5904735947867977,0.6074723393683682,0.22102296142942462,0.2020303581982586,0.24672577933199216,0.06206207813120115
0.5068392091320374,0.41848003670306483,0.7391829358414106,0.6501936528716332,0.5996082517849084,0.21655779398661207,0.15590905667831492,0.2741057444403035,0.06589213229377433
0.43984903943608816,0.5034387319265107,0.6053410793123228,0.6774532418831343,0.5407887144073124,0.2139616009917663,0.12374113976909223,0.302312682405194,0.07879063420626072
0.40937204427080925,0.5337269414215002,0.5204083860410592,0.684547373174496,0.4608451585480665,0.20487388854667923,0.11337246692257069,0.3210517955764184,0.10067580090837226
0.40514895469480955,0.49407813459539995,0.4919997942726572,0.6857241849228575,0.3893623595710384,0.17906978213493382,0.11773414529040578,0.32346715366059287,0.12832959653249887
0.39868348350930094,0.4125673803163333,0.4911740539227858,0.6841619408120457,0.3407147140564748,0.13796777556772358,0.12391869856352869,0.3117385138000267,0.1562359159334008
0.3672475982932469,0.3412587284978042,0.49927804302715,0.6718604067728994,0.31691280377354186,0.10558508535383836,0.12238382481508442,0.2964529635741678,0.1782083704280784
0.310584492034026,0.3216540930590748,0.5246588078988593,0.6393841487331903,0.31497013713063426,0.10819241849865788,0.1100356724200104,0.2912147828960076,0.18925125906074056
0.25018003248349985,0.3644398416368839,0.579067800108031,0.5846330573475947,0.32790885121486796,0.14418062200973095,0.08866840459974829,0.305664976895688,0.18701217433873468
0.21473522196244338,0.4502960265058233,0.6508079810270818,0.516020616556045,0.3421675272375701,0.18210704898831212,0.06292521351857841,0.3395768054885011,0.1724701338641611
0.22530030003218554,0.5386610595684471,0.7024917743419229,0.4514622635308887,0.3405229743095891,0.19001960949740418,0.038606803057429286,0.38066399583368393,0.14992289184488175
0.28682479985308074,0.5863145537099532,0.6938852747945443,0.4121163034213394,0.31259860879977297,0.16577727558131808,0.020470953785110897,0.41098212811512563,0.1262854214091608
0.3834158440085389,0.575082561549236,0.6148642238689466,0.4117192220895357,0.26311173370921453,0.13615236998270924,0.010792972268015266,0.42406840625846065,0.10936035076844124
0.4808661314589747,0.5232278156937584,0.5002286576958511,0.4509179803655729,0.20827489346213168,0.12815375168109944,0.010399679547866109,0.44055890172549717,0.1049819498574695
0.5455036016629854,0.471757191617637,0.40513061005589807,0.5212125104985748,0.164536937827403,0.14519730522936283,0.02090695385396275,0.4998485136868798,0.11400838582057662
0.56912769895912,0.46802977461217254,0.36292881826479306,0.6076682620783924,0.141328375102681,0.1657321102452936,0.04468099442152175,0.6239456534954537,0.13105163391896704
0.5719208691870442,0.5478838404128764,0.3716903557268318,0.6846075623332115,0.14105998020214597,0.16194987944565367,0.0808667534654127,0.785582098646203,0.14638477939983527
0.5783926273284578,0.7003884817284024,0.4161730485017413,0.7190269430532192,0.1607844094277927,0.12754153379258037,0.12092709013183761,0.9189199531474975,0.15055108270058515
0.5926929447250131,0.851534455378852,0.4869216345938017,0.6901858677494006,0.19309912883419797,0.08669486726448078,0.15033300743204978,0.9690517714866831,0.13915232551692877
0.5935035946735481,0.9167348722692293,0.5742295786862214,0.605702847367179,0.22881165365894926,0.06962905024313547,0.15795313049512602,0.9332269496173428,0.11490554538521461
0.5516449799905679,0.8755106142204957,0.6569262887105451,0.4955302654340329,0.2608699689894817,0.08194137481955646,0.1445097332728852,0.857339676205369,0.08588314497083344
0.46165708674535283,0.776296358666992,0.709475239094412,0.3946289876348654,0.2865059949769941,0.1008602585546575,0.12035822449316806,0.7990185142541165,0.06141852570379416
0.3576010281290415,0.6726121807606875,0.7213487947617222,0.3319851547800369,0.30752904045969204,0.1021366373744364,0.09528963791824557,0.79292867444124,0.048295470273365074
0.29060836476654156,0.5770867067207459,0.7048071313845389,0.32440599401202064,0.32938553038284657,0.09031124827936991,0.07241325626018756,0.8386510038385384,0.04889943197040206
0.2932934852500373,0.4825287023452693,0.68121755544209,0.36983811655127535,0.35747149811128154,0.09780698409535196,0.051060017013404214,0.9093888650800872,0.061348746190397555
0.36773062537368434,0.3992626180140515,0.6634294425011947,0.4472165782138915,0.3908207688922686,0.1571947794931378,0.03179007023060061,0.9710332984653908,0.0808120049186995
0.4925236014482911,0.3436112863226071,0.6540017880363005,0.5267922999596374,0.4176548335501925,0.28415877961950003,0.01680770944536608,1,0.10137262515777837
0.6290038906186044,0.3055522305101441,0.651702057603526,0.5818989511827259,0.41904089093960656,0.4782077644066751,0.007371126359541133,0.9898539355246282,0.11800300010326109
0.7302925593901152,0.25935314905516127,0.6491119914220902,0.5955885575873852,0.38133771423378343,0.7076152537870593,0.002646901822160088,0.9445587928682528,0.12802613508962402
0.7630564090080894,0.20393537929543232,0.629215723518272,0.5661437868360655,0.3075423800464498,0.8843774399920249,7.72434017656246e-4,0.8681724706621244,0.1313985149989389
0.7302787920181661,0.1706229971015736,0.578256159290091,0.5120034200693604,0.21648674845382615,0.9055922377944882,1.822750997146982e-4,0.7634032135365266,0.12975149220511828
0.6690505720614862,0.1864711643017389,0.5046684854873839,0.4659371088072393,0.1313122494900488,0.7604098543441153,3.4643895806587065e-5,0.6385507272927436,0.1249907007702652
0.6179301643954487,0.24354529873683556,0.4358249889042714,0.45437901443910916,0.06791401788787454,0.554363515864202,5.285267572275822e-6,0.5112263461860405,0.11848905566199146
0.5855713268834516,0.31099855127534665,0.3889047325320852,0.4780198906021084,0.03085995550957969,0.398384872065936,6.451821773560861e-7,0.40313349534230436,0.11121926382341185
0.5512983286094318,0.369799821822506,0.35151859051996637,0.5136693518734162,0.017075330661141076,0.3169358467360759,6.282513546965876e-8,0.33064396816834773,0.1042369532664174
0.49109832918441343,0.4273115651266442,0.30079559054929794,0.5351776765942348,0.02252481318671434,0.2738023276038567,4.851472908512302e-9,0.29676284014243415,0.0986832342254329
0.40254065225274793,0.49549228866114814,0.23363075561143248,0.5322205189232913,0.04530214693772877,0.23613146030798576,2.796789829650169e-10,0.28861448625972375,0.09513369592729157
0.3085404491130021,0.5621239985945272,0.16472694221659054,0.5125409007131028,0.08238102335114923,0.19667828032972573,0,0.2846027819340374,0.09296409942595063
0.23708543576662375,0.5995551491660297,0.10382312571415912,0.49075221044002426,0.12511628983188372,0.16466488721875602,1.1624543436276848e-10,0.26832917513896165,0.09053915508358855
0.19776935399722215,0.6056297669830639,0.05155649710987095,0.47523755534201856,0.1615339677130353,0.15292122993391,2.531695506262685e-9,0.2379125674838274,0.0862957834833786
0.18007438324879746,0.617812408292474,0.012735595294977513,0.46426850247790036,0.18566169184764852,0.16601817449620127,3.8205784509534643e-08,0.2038438042026028,0.0799371499476033
0.17070587694368275,0.6703990333001918,0,0.4546165270391218,0.20465709098602097,0.1939351795808037,4.573368529675196e-7,0.17970329334908663,0.07287292484128914
0.16753834019163863,0.7438915850125821,0.023963096625797414,0.4514379515156426,0.23578780025306864,0.21843220124691384,4.371649885572887e-6,0.17285167525727943,0.06774850580183063
0.17866422595629367,0.7741190820753532,0.08232881857649901,0.4647465339454271,0.29292503261993197,0.22635348603937744,3.339982391599581e-5,0.17891783716548731,0.06750475179130506
0.21176557997701803,0.7136456691774863,0.15492316335732578,0.49709050987385606,0.3687890504618032,0.21536299875272033,2.0414002230902684e-4,0.18328543629290234,0.07430241437481043
0.2632322586354689,0.5725038556295223,0.20999493888969042,0.5428868587942985,0.4284867224959333,0.18919246505600676,9.994667592356141e-4,0.17106637788499393,0.08836207531102183
0.3151159696016333,0.40169309504174544,0.22297283785575017,0.6027693675932648,0.4300980608660083,0.1542799314960184,0.003926686883443053,0.13925333785811647,0.1070582375078476
0.34523069049240995,0.2548935345822866,0.19351171257872343,0.6890050400692806,0.36092445620422836,0.12037276010837517,0.012407059830937251,0.09969027550891137,0.12510068840970856
0.3446725962949064,0.16764537178359817,0.1442099042166181,0.8060988615203497,0.2521844537445862,0.09807592018785882,0.031619284160424095,0.06957215060890344,0.13630720103878943
0.3240978293109424,0.15400696954192258,0.10394786186864327,0.927241973296743,0.15542052242885676,0.09582015653917957,0.0652707288294273,0.05956385553017193,0.13624812962748312
0.29968458645636736,0.2070735426769328,0.09257031214582968,1,0.10724680129826099,0.11548693821429991,0.10996308676754431,0.07063202604601831,0.12427530433199861
0.280270272611321,0.30067199338574246,0.11596912767676343,0.9835902099925089,0.11493702381451784,0.14428691353407622,0.15358339606955282,0.09843639076770624,0.10434365589551907
0.2699849179497889,0.3977091555361089,0.16780725954876916,0.8833969226846285,0.1648428371092055,0.1613802701522028,0.18389484798126818,0.13654998193183313,0.08283016793809475
0.27368588688144996,0.4638856191904266,0.2320477584857522,0.7486066690171554,0.2361992761208706,0.16403354984351312,0.20096481031704885,0.1763327467196031,0.06641306973222362
0.2920146816124651,0.48033458520146444,0.28996541843760076,0.6336071744260834,0.30789839295016275,0.17269270843049436,0.21702104141886383,0.20928747984418192,0.05977541476454772
0.3158086286253055,0.45607570602090763,0.33417085717327366,0.5576892476041647,0.35836499064409816,0.19578651233670416,0.23991148188402808,0.2333848605108396,0.06397857946337952
0.3330195371964162,0.4271706784421937,0.37462978764418386,0.4996182208222521,0.3691928587215289,0.20852608519728047,0.2593270414286389,0.2555437215170171,0.07609423835595015
0.3403628115652634,0.4240176590184997,0.42192125928787855,0.42958973252916766,0.33906301590051563,0.18761480846978335,0.25438701765456134,0.28456153816436497,0.09041379537610728
0.3415433783148545,0.44034018369351263,0.46572467828546926,0.34350377032395796,0.2924760672476836,0.14994727655812964,0.21492435958296516,0.321073824335445,0.10085618392200427
0.33477586860044745,0.4498797804727579,0.48164865510816124,0.2656676676527102,0.2630948603823608,0.13281148978663046,0.15239972102394705,0.35609021286057185,0.10343600398213229
0.3123803846597454,0.44376432079783024,0.46184207763211116,0.22284861042577273,0.2626885472083734,0.1460739423273871,0.09031459258624049,0.37907280158618606,0.09755325541757794
0.27698098130696097,0.43606129757403067,0.4274551914907335,0.21939697426264962,0.26995068854425575,0.16495707612249239,0.047319045924490453,0.38457633550312004,0.08563988767712435
0.24953451345324376,0.44296528511286193,0.40552744388372214,0.23464385719972938,0.25301506879544244,0.1664698416970527,0.02997010846361538,0.3709413714984238,0.07169522369386605
0.252779889984515,0.4725379399546234,0.4055185492498547,0.2399335405078048,0.20210176552404205,0.15403276771574315,0.03687514850534412,0.33782217722654784,0.05967143356433566
0.28840685933278903,0.5323739393522785,0.42584016704923655,0.22033849545803405,0.1388381943409152,0.14222778075183998,0.06424542040532012,0.28887993424716946,0.05245345506954767
0.3365782116029594,0.6282661787203986,0.4682918289055793,0.1866283797511844,0.0961090323773361,0.13532291555840276,0.10636881902469941,0.23413299002649346,0.05174035841926086
0.3770405045377166,0.7379795871872228,0.5316593821468665,0.16803672603332898,0.0923301169138563,0.1298825480933526,0.15392354492450805,0.1855363035498831,0.05865766294461564
0.4028461627388554,0.7967548530360091,0.5995807612239891,0.1886025640125808,0.12157198899742724,0.12419869196016846,0.195565932372961,0.15046708887288568,0.07438041392389902
0.4122087090334339,0.7405969080117956,0.6478903948229738,0.24644979702902597,0.1609098024951214,0.11788405159091656,0.2225242380615278,0.13173494639482275,0.09980096066638432
0.3988006435722763,0.5755304730816361,0.6626737350162881,0.31568938386526874,0.18789619213718806,0.11247500003343802,0.2310747544542689,0.13320213423707508,0.13394372750844427
0.35889520224044974,0.3878246362495072,0.6465791240643431,0.36777715558102564,0.19691970728466324,0.11441587170347059,0.22116527490428084,0.16150705367625037,0.1722117359066358
0.3021281454133136,0.27363707823443556,0.6120405840184366,0.39008760691543154,0.19877311900175798,0.12741845433184773,0.19543560676110502,0.22062169909546217,0.20635534591636653
0.24848464632218778,0.25973292744383003,0.5757308278420971,0.38818408040112223,0.20309228147787547,0.14242355905855666,0.16032281178575725,0.3080500524307718,0.2271851539381096
0.21622847700459552,0.2930846983386924,0.5570505885697006,0.378174674753188,0.20687401067819758,0.1450416552049396,0.12447545472916383,0.41858648529698606,0.22896448002947067
0.21239282045773844,0.304281699164039,0.5680944543383634,0.37821694938540584,0.2032603312701806,0.13173294035116564,0.09339049522700706,0.5474095154623354,0.21281050846312224
0.2304262896222045,0.27795649807515027,0.5979707123773946,0.4002287004481353,0.19349540165393736,0.11217277342452153,0.06716091068423026,0.684288074699535,0.18666139315424762
0.25584278557526896,0.25862401897691467,0.6171268636195285,0.44424237973157293,0.18397218352424952,0.10080386731795284,0.04430063268107085,0.8071269520837214,0.16136730102556276
0.2774978082066652,0.2910359579401606,0.6046291387032037,0.5009837174155607,0.17776148532927186,0.11256326451387004,0.02541948696824846,0.8877572204173279,0.14496902866276748
0.29818265445176145,0.36467159016427975,0.5645547871170936,0.5602028027406242,0.17478768504375458,0.15631036868845835,0.012194617614028302,0.9061425419276696,0.1386185032731873
0.3344192980711944,0.4230176842747148,0.5139545214678015,0.614747248538353,0.17571340495088725,0.21812724742260775,0.0047778769943779865,0.8591160886164317,0.13678652792056611
0.39907874012989086,0.42374081045004974,0.4649430897111407,0.6569240943738873,0.18286865894090557,0.2596188406373908,0.0015164678948473194,0.7602307593752102,0.13165563934609156
0.48146794523756214,0.3785885816716778,0.4218596061606844,0.675537734975691,0.20155349083830912,0.24941864194585983,4.3321286375246586e-4,0.634424308865244,0.11873901532440866
0.5506417546167591,0.33037901500008443,0.3864471790359455,0.6617995710534028,0.23877284379708966,0.19322734531264624,3.4280634040366307e-4,0.5072008674236209,0.10003168177085613
0.5809648888194437,0.3028615761671081,0.35850088752304116,0.619675222800763,0.29586726805921504,0.12571829004694496,0.001116106270028582,0.3932464797899985,0.08298585645742118
0.5705528789517859,0.28623998458945604,0.3346461946849009,0.5684790394478674,0.36274582996366744,0.08048008068950305,0.0037329307519698464,0.29699007589586296,0.07651716631078055
0.5352480374445142,0.26978468926703414,0.31221825483484406,0.5320494190803607,0.42100478390775237,0.07145450027271183,0.010318433175684379,0.22362429704327585,0.08667296304543012
0.49032039409273687,0.2704991965443122,0.2940204303151183,0.5211234421924955,0.45088625214703226,0.09374942792654403,0.02354710211493456,0.18201544082121535,0.11391108185117456
0.43990541121549925,0.3152618366165003,0.2862560334973746,0.5234978616431769,0.438263059649126,0.13295508623370642,0.04510596352376772,0.17386311853449268,0.15255463425921506
0.3815082148431096,0.4030865186836715,0.29336764898453715,0.5138572310096037,0.38258499844580257,0.1717263022928375,0.07446857319980825,0.18687890967891746,0.19230437122491137
0.3179445141665908,0.4989414330292382,0.31865298003388726,0.4785289446123854,0.3005284770279185,0.19575691973081494,0.10916308537460558,0.20372231763036663,0.2215694260039077
0.2611061090460496,0.5618690710541215,0.36840653547836927,0.43265752128565665,0.2179799811496258,0.2044462275148689,0.14461185931424606,0.2147511810979154,0.23185794344278218
0.22112989142478506,0.5736719763484817,0.4493548144896695,0.41204712808937566,0.15565177138625044,0.20963368349142572,0.1720785538782317,0.22030914665453138,0.22143103804471156
0.19623986036520852,0.5472173656066928,0.5569570843603044,0.4483330404850333,0.12141049503975516,0.21571995167789118,0.18021622799810905,0.22554395619735076,0.19602958808381163
0.18006904073251648,0.5133932275494548,0.6651517935748787,0.5488695772516011,0.11145845495278248,0.21350946583414765,0.16483573643581517,0.23705558870969576,0.1658514099929105
0.1763998106008798,0.49631707830200894,0.733440562134752,0.6895506106572091,0.11362324814357032,0.19742074850454852,0.13728364552258904,0.2612400974941926,0.1405061199487003
0.19871479257686775,0.49582020249447556,0.7352777881339537,0.8228655294927267,0.1124032895537314,0.17598313581078517,0.11867504531252356,0.2993736073286206,0.12518326539889188
0.2556946106763352,0.493958359795274,0.6846873210470121,0.8987433714537794,0.0977656327323913,0.16617730805701117,0.12574575931970278,0.3421542017474949,0.12009185857052483
0.34269505932953703,0.4812933446513412,0.626788379457406,0.8918767135615828,0.07127873533201931,0.18046427902588863,0.16485792174988168,0.37311233461465904,0.12240059298031179
0.4456539138330974,0.4756223982979414,0.5924246352540317,0.8136150330299505,0.04265942168446052,0.21502489625544485,0.23573802487270842,0.37974479847919634,0.12829239365908796
0.5479839643509898,0.5091543581393356,0.5663320348743051,0.7001798927293389,0.02072256634634185,0.25364705990959213,0.33395652335648074,0.36346059392771374,0.1338047386041806
0.6344768676589334,0.5954446611222595,0.5090336625874953,0.5895280562055254,0.008069522952888049,0.28368715988195453,0.44468566669702614,0.33983228050627545,0.1352131951003545
0.6943190489779659,0.7116122434333655,0.4047955548278473,0.501519566574945,0.002433484596679508,0.30857933620272465,0.5364302807739646,0.3276721888686113,0.13017861543845816
0.7261415457862472,0.8123526255754937,0.2779513329385983,0.43203901628692637,4.7768635151587495e-4,0.35228439540373757,0.5700319112645329,0.33283455162786585,0.11932769262510351
0.7423289789049755,0.8622320226781733,0.16927548047694693,0.3667218637689632,0,0.447283541436328,0.5234865527030467,0.3398324131112006,0.10656321197452426
0.7636905611645604,0.8594385353834024,0.11016739017819659,0.30314413253331285,2.0100633392153787e-4,0.6036419353402932,0.41079388871522654,0.32242363099361876,0.09721649932895593
0.8025504862948137,0.8291958875684815,0.11365017160690982,0.2583450662576979,0.0014358730071194839,0.7863896323089887,0.27384872085692347,0.266775179391025,0.09492079880163978
0.8511226021642944,0.7968412901407574,0.1697903242412662,0.2536318645685973,0.005228682089434849,0.9335165079760956,0.1546919636221439,0.18490682092771396,0.09993310347215642
0.8905367185242314,0.7718240199755239,0.24458359835675553,0.2928374624207251,0.014025633924607761,1,0.07427861601447354,0.10532310875104209,0.11030069483127858
0.9072665874371928,0.749869946226032,0.2992212849524109,0.3549783439426475,0.029717633380400968,0.974944782011332,0.031821052521275255,0.05307643338849315,0.1237488951802665
0.8959659150907539,0.7205191386013864,0.3219955349732198,0.4071965443264,0.051610976193564695,0.8638835695407147,0.017152050170242777,0.039217764138080195,0.13842431247625994
0.8538667517987648,0.6748054367634336,0.3356346430572291,0.4258371791638791,0.07644947652307904,0.6826878861390732,0.021763353200677675,0.062270668109666485,0.15206162930547798
0.7822493502199744,0.6116484752268619,0.36840529826124485,0.4085543351685072,0.100576225162201,0.4713572264688984,0.04104302882681692,0.11091295616985133,0.16125691030932604
0.6916148145131296,0.5415743279632864,0.42521255100916183,0.37079044916412673,0.12009312152290391,0.2858120495393355,0.06937404753220942,0.16502186416904746,0.162557740830128
0.5988010312891973,0.48543502505620906,0.490643067544552,0.33215902489700255,0.1287038295262736,0.1621926858980177,0.0959903467998096,0.20287223809312963,0.15489209858695624
0.5185132808947598,0.4639717713395574,0.5503690157659991,0.3034372226671418,0.1198647997722402,0.09684125297462005,0.10942864681380375,0.2143342646881001,0.14096134144814407
0.45936453287577256,0.48539587336240597,0.600550428218556,0.2842207986211735,0.09414958825576003,0.06339164565919629,0.10888333914435222,0.20611830170275622,0.1259270011106088
0.42373394233382483,0.5409911376483879,0.6393424414094213,0.27205664776256794,0.06205299874494063,0.04287468175073691,0.11011356734088425,0.1917400701080799,0.1143268475454053
0.40560714032062356,0.6047957498146357,0.6581238024076232,0.2699917502912975,0.03739940535423715,0.033948371367705295,0.13643695552021373,0.17848397743656808,0.10779656071050271
0.3913679315878034,0.6397998959731991,0.6479508096622802,0.28064041416886,0.02913864084528587,0.0395234282701062,0.19989320061345453,0.1654761622392456,0.10523096042169706
0.37030738162047555,0.6193633972059011,0.61345777482034,0.29564236631681184,0.03863291789670559,0.054325385986233675,0.28772780594563285,0.1504919186848666,0.10473994961734613
0.3460435463813518,0.5481960269407432,0.5709872691320563,0.2993428931734724,0.060565996253256045,0.07214616521190026,0.36667580452725856,0.1349333142899151,0.10546392080399526
0.33488954226600914,0.4633432085032068,0.5298601815134462,0.2848946117776182,0.08454264781889252,0.10195568739068353,0.40437622878314544,0.12294778168868215,0.10792015965964796
0.35137406229133855,0.41369356262852847,0.48522780172715296,0.26145451943437237,0.09868801236279126,0.16198370400363518,0.3918584296509456,0.11805434394374777,0.11306684982380864
0.3931850342095178,0.41977589483417976,0.4345606991779062,0.244538416589414,0.09559917094987704,0.24665456685618484,0.34838402363787685,0.12233111095988589,0.12119407005417412
0.4391432659725045,0.44551675138926083,0.3921868124868774,0.24408878817740537,0.07665963499555394,0.3112954899535728,0.3059552926558719,0.1386251551593565,0.13153802922354713
0.4647416235790229,0.43406789345108904,0.37976534483719104,0.2623314640736081,0.05061369806048139,0.30833554578293687,0.2880228712409356,0.16959304944555106,0.14275026917609715
0.46139075265804014,0.3784647197909636,0.40466921908221537,0.2973950967537938,0.027280996800371264,0.2360333776147608,0.2968594053300083,0.21085771455883132,0.15375306998668095
0.4394550104003083,0.32903493443269116,0.45026645558591677,0.3453147690885668,0.011857612344915188,0.13893658098291928,0.31445273468775126,0.2470188144536393,0.16423664908408586
0.41496150256426834,0.3289655336844585,0.4871827101682352,0.3998990554842505,0.004057053997819473,0.0644487210742012,0.316519994273877,0.25890941176506294,0.17415909250276926
0.39886681367142957,0.3739927775521624,0.49708907283212017,0.4524524544462119,0.0010138370015770387,0.03034492384762543,0.2917993063454393,0.23662698634328377,0.18239310098967715
0.39848963717140234,0.439440721018004,0.4880950422326609,0.4929258236320713,1.8368761353905878e-4,0.028359914653434622,0.24941666113246752,0.18596126959925835,0.1858344983324533
0.4206909867524783,0.5164389466169315,0.48403942179839654,0.5147998248710951,4.5649119724127117e-4,0.0406895807072452,0.20716182695579222,0.1236575960140522,0.1804987124657442
0.46776101414356813,0.6047742344611606,0.49738962857659574,0.5217526421854379,0.0022566682867823534,0.04953336330506525,0.17666058975686694,0.06716505092220026,0.16451285837151583
0.5298954135433606,0.6863619389325206,0.5161681410388717,0.527948879611573,0.0076325643967304745,0.044770729149450156,0.16120102810856146,0.02699186524845968,0.14076994161714443
0.5807297236110159,0.7273312413161115,0.5178933495089597,0.5487898919725112,0.019968406573982238,0.029540967247944718,0.15986761623105963,0.005562743865470368,0.116733306930001
0.5844597977356952,0.7077362457967364,0.49235413421525337,0.5905614953303366,0.042065645895268296,0.014263163097433975,0.1667689680176551,9.010206805530939e-4,0.10103183763544572
0.52013369459128,0.64097868958014,0.4491153871815373,0.6480522832010704,0.07292871773416298,0.005628328887102645,0.17049865715900245,0.010917032145944527,0.0990553420944018
0.40390746369329117,0.5633136075148384,0.405406660739925,0.7092432590805501,0.10686135885284676,0.0045837117812547535,0.16262228178483562,0.035722431934298124,0.11046553081285888
0.2798082171419093,0.5120145400574241,0.3710143715194442,0.7606676135340079,0.1377908310628417,0.011972499972629932,0.14771489282278416,0.07785953414570936,0.13005138372837002
0.18552473523406404,0.5135386702463927,0.3457405242843901,0.7906599705687262,0.1646252375483265,0.03182889287054111,0.1400837415883707,0.13980315847762,0.15106594426894213
0.13085479451991647,0.5722049280694271,0.32617792136561136,0.7918556951745139,0.18986156660211437,0.0684908499718328,0.14766472935654507,0.2179021141110349,0.16869848148102154
0.10617704543110076,0.6569428966764195,0.31121985099356136,0.7632672905829944,0.2124836139659088,0.12040708689684285,0.16097267716806365,0.2981185949662431,0.18155901979784195
0.10286539467604691,0.717059329254052,0.3026842628335046,0.7108920924107126,0.22536583348923225,0.1748351717082269,0.16080328655854953,0.3633082686773407,0.19076800374272915
0.12227705518876754,0.7254332275247447,0.3007159902534648,0.6474111846083387,0.221039123836491,0.2091471476902517,0.13672781251196792,0.4093121512406259,0.19806430127358743
0.16808060678632666,0.6945613076854459,0.2981645020232637,0.5899941291581746,0.1981166419022507,0.20556894599591202,0.0961166152144673,0.45018355402065185,0.20467259750073677
0.23397775058722783,0.6526578662015504,0.2843977298857477,0.5520349784492037,0.16256810658708695,0.16963946087584844,0.05595438644384323,0.5022148730670603,0.21135479476550373
0.30246702411054144,0.629027811324486,0.25894352572332463,0.5321415885533721,0.12611431237681475,0.1269422536418002,0.029487389948426004,0.5642091795969661,0.21870167544941568
0.35696703004055064,0.6556907173603467,0.23807441037265692,0.5145856301162463,0.10286364579411761,0.09843558268648359,0.02140985873679202,0.6154567579548081,0.22681333851610486
0.3925059052724669,0.7458837431147448,0.24183371794363664,0.4859668291112092,0.1019611198327982,0.0858204350245963,0.0312825964614763,0.6292751669580346,0.23474958632798612
0.41263264357055207,0.8630440626651856,0.27302558372732366,0.45062007163778406,0.1197084956855395,0.07929071655650087,0.056361497835405186,0.5877094567780444,0.24085633448665844
0.4220224365228667,0.9337143855956683,0.31244061134857554,0.42681711043891424,0.14011312360947442,0.06965201563038395,0.09024004762837393,0.49199413429523076,0.24428080999735516
0.4296111588027933,0.9088997003331073,0.33715700897562434,0.4287255724010429,0.14585182094338336,0.05594301824174058,0.12230630791553153,0.36685886294536246,0.2464026682094545
0.45146594662315354,0.8157023488115042,0.3409187509383861,0.45256040320457197,0.12995533134648857,0.05000743313148348,0.1429302295234684,0.2513572651094689,0.25029951843053616
0.49613670428974166,0.7375528964317827,0.3357701387541167,0.47816262915650404,0.09819322248205618,0.07042723948388113,0.15095872378459285,0.17661580638502022,0.25783959202737944
0.5507408672675796,0.7354660966559111,0.3394447702761195,0.48489131420476894,0.06257839068805378,0.12538449979440125,0.15529520622367954,0.14771333019226734,0.2665960876056199
0.5944679311436656,0.7966909076776363,0.3626979233186648,0.46977131840694863,0.03332185846972519,0.2005639053526507,0.168230683558665,0.14614724008353247,0.2698353928819414
0.622962781984604,0.8638100149624987,0.4017435527899192,0.4497720186739664,0.014687249976778474,0.2698813819687147,0.19736442412092303,0.149286288222979,0.26056945903053375
0.6506349705231407,0.893538338297489,0.43935114099666933,0.442985281438596,0.0056865572327404156,0.32258896009274884,0.24396593487962098,0.14848346932507173,0.2367983135433566
0.6915960187164023,0.8677991651666909,0.45674653873913473,0.4486822682753773,0.0035536400741202584,0.36627299115906,0.3067237007695096,0.15169837745652903,0.20365244120532117
0.7428213481299138,0.7768627815523572,0.4470798187257997,0.4492443359892816,0.006895318836203766,0.3925665224998498,0.38185054475592606,0.17119558757829093,0.1711337919400609
0.7874821655061777,0.6356816501760576,0.418598792061458,0.43011886853989445,0.016517857748633964,0.3669882591719296,0.45701611672699816,0.20837118590541712,0.1491870903743087
0.8176642153097474,0.4959046842244129,0.3861101166833696,0.39418069642702197,0.034091958187913725,0.2772564831243157,0.5111708652357585,0.2485778773748393,0.1444651995386477
0.8479205039845814,0.40493978937857095,0.3586487264491554,0.35801792529605925,0.06074105420000294,0.16596926725928798,0.5286725934755871,0.27037485781515785,0.15980597630672744
0.8926751686042665,0.3717815197262058,0.33521235833710583,0.33889679386300137,0.09771033120034793,0.0962009520308029,0.5129215704357142,0.2625829162966949,0.19387256417414633
0.932683139240345,0.38687264758356804,0.3133563244477584,0.3457480298721761,0.14733961305330529,0.10970162330268987,0.4804821902330629,0.2352336909037533,0.23996060754699042
0.9243395749957198,0.4428460662499457,0.2981697753566055,0.3777033384346513,0.20882850203398542,0.2183302995826699,0.44446506832867533,0.21315795853641845,0.28558088628703027
0.8504370261249455,0.5170647387987911,0.29722788556520463,0.42650255246822777,0.2696375982547819,0.3911357757535062,0.41110122795785814,0.21547108745392973,0.31554730967541367
0.7466130643831431,0.5662232199298688,0.30815893133641753,0.47976985263532207,0.3051100042680887,0.5443190737392619,0.3904475999831007,0.2388336246087233,0.31864647003150076
0.667481058189303,0.5681827388762175,0.31740924775281093,0.5245912134750228,0.29444326633670537,0.5982095563498386,0.4011701160930846,0.2608204916054088,0.2938648054577087
0.6368207560713269,0.5450463545262261,0.31484109867712573,0.551024263890482,0.2396706918862777,0.5560996178720935,0.4617860720990806,0.2616698699572911,0.2512354986134243
0.6360564679227579,0.5198314091307059,0.30844544791468187,0.554055181623757,0.16693523244442537,0.47935712984497303,0.5784436414280041,0.244851655133441,0.2062020288309614
0.6293748076332727,0.48326403113179806,0.31925232230992623,0.5333976220116778,0.10910387014749247,0.39825002176530405,0.7357503864588264,0.23695072338199696,0.17145038203818685
0.5950555992785775,0.4326510431342728,0.35674268931317843,0.49354592749670473,0.08726273011883488,0.30360182509412686,0.8923992898934233,0.2661939484746502,0.15174873654205434
0.5426710075227685,0.41075012029656893,0.4019454513048937,0.444781937053389,0.10377809045837032,0.1993318932605356,0.9926962935818611,0.3373744859248169,0.14441769140770608
0.5046405944460316,0.47088679742324213,0.42134678354511035,0.400293791200758,0.14612131335702921,0.10949899878898674,1,0.4227873313352754,0.1436372054953762
0.5037110295769665,0.6105714567932451,0.3970753285193811,0.36809139405711444,0.19624494175010523,0.04980399866868513,0.9254174021679222,0.47753769422115305,0.14459498233363732
0.5264791130113868,0.7569717017793599,0.33987931844770863,0.3462111698499309,0.24010604349002884,0.01844870171996428,0.816176349481722,0.47076675156083403,0.14480894314447443
0.5384529243085142,0.8284935155264681,0.27798314880663116,0.32695821521249385,0.27108770935402726,0.005531636688970594,0.7144644495034126,0.40873829697109604,0.14309593659975414
0.5275967610400109,0.8077755320200165,0.2396301814414517,0.30363625261540833,0.28644568105486873,0.002070738227064079,0.6336426439964902,0.3287768960256828,0.1386550964888041
0.5192840135520488,0.7407319896477762,0.23754469043040916,0.2730517413789243,0.2839572842955071,0.004028169573117969,0.5676743446479333,0.2701425312809861,0.13201413468174686
0.5422555652918208,0.6734338515388472,0.25790693429432376,0.23699513136600522,0.26395112307835505,0.012301948349083096,0.5068129937011735,0.2495052885314857,0.127155982168062
0.5917973838609907,0.6147477187372067,0.2707555670183889,0.2047221357340428,0.2331933048415562,0.02855112104476733,0.44179272770341294,0.2586805776742393,0.1323722331828797
0.631749106536443,0.5573746617213311,0.265079131768977,0.19001402351651753,0.2050618676631264,0.0486775355872234,0.3665190694444064,0.2779928877127883,0.15780415753824775
0.6251949130221267,0.5114005380575656,0.26961813426202813,0.20219463309875532,0.19538735080497913,0.06340110205634641,0.2854273543979874,0.2902060097832485,0.20989492132781126
0.5629654381251966,0.5050215785452673,0.32532985015204147,0.24209865018505755,0.21574804702689168,0.0688324014400514,0.2145830312294974,0.2876016358233956,0.285547856167819
0.4691687619218571,0.5499112887581274,0.435662674033953,0.3069709082079214,0.2657700128580187,0.06844338279427503,0.1706980602074961,0.2722429794645644,0.3699758945545382
0.38150613159697555,0.6125838506365008,0.5498809883182464,0.39383041203987085,0.33056585464110894,0.06195096943029193,0.15854988527278044,0.2518417550762043,0.44085432795967816
0.3267922970225143,0.6363203383972276,0.5994736336547678,0.4950629828933184,0.3909187394306958,0.046143957456986406,0.16745996078072248,0.23374984294574913,0.4775957685586395
0.3134528498988374,0.5900634331302299,0.5555987703573664,0.593499746193679,0.4387369372248856,0.025878852222595002,0.17699419430442,0.21925851191989204,0.47064069428038724
0.3394107700905315,0.48756803302891516,0.45330360222555605,0.6642972271976989,0.47769380985184884,0.010463962135253533,0.16842893044951357,0.20162884465800787,0.42499540788059625
0.4022367902551073,0.37695212721632887,0.3594313944022807,0.6833379633335566,0.50768151985371,0.003003295343682705,0.13679920540421558,0.1717532779660899,0.3560920391704269
0.5020206155982054,0.31510742009434434,0.3195728916909658,0.6403432472824878,0.518134449895447,6.096766382706226e-4,0.09399844368812767,0.12881619395966787,0.28145171644798805
0.6315836550220848,0.3213783809082297,0.3343445981560222,0.5515754317458744,0.5025061074902868,8.779164269804704e-5,0.05914437407625421,0.08503795552855643,0.21394838810567304
0.7647561185417113,0.358887546333654,0.37280307957212644,0.45812708840662963,0.4726597978360374,1.1408115194700865e-5,0.04571275293366483,0.0580288757948376,0.16002962257827733
0.8634867100049785,0.38982478077683264,0.3979085778417576,0.40255321658457144,0.45338623248180404,2.7440725207883957e-5,0.055564145487055246,0.057864302758317054,0.12183316789875553
0.8977553384411663,0.42773203232249307,0.3892751149532105,0.4023076196895671,0.4644319931625341,2.139050540368342e-4,0.07945724947317347,0.08023453372988595,0.09974393716068297
0.8544236559716949,0.5021942040301088,0.35678791342038796,0.44504383503937367,0.504875621769005,0.0012664686266760923,0.10099219233222574,0.11028848881024075,0.09295726244289355
0.7402957813403628,0.5975989673247516,0.3289217447917383,0.5029220361768333,0.5485574874560599,0.005559290445259893,0.10506135257857004,0.13435748164399916,0.09831741886239874
0.5910441987785824,0.6615979519509845,0.3198218199369111,0.5445504123708064,0.5585490965058558,0.01804844553981261,0.08804880757753519,0.1498381796527661,0.10950968730977431
0.4625665394647468,0.6646598199928544,0.31488874072519024,0.541428435903663,0.5157521765693313,0.04325489698922562,0.06037305501387056,0.162322196556737,0.11835282021530698
0.3956710066124617,0.628340316299231,0.29251339504129154,0.4812353492981516,0.4346282702356994,0.07659990414869619,0.038688880953357,0.1736414854182248,0.11804653983913771
0.3931987890881959,0.5948663891729976,0.2476587097756754,0.3817421815444804,0.3475160282597506,0.1013691831421592,0.037662256807567684,0.17877159351706914,0.10641605489613742
0.4327593635124024,0.5919319410601441,0.18989517510652573,0.282899446226357,0.277146521674425,0.10490454650614872,0.06886723265273324,0.17648350811311828,0.08694080284294702
0.4892539976344095,0.634980068936931,0.13195582673366762,0.21724484173592443,0.22951630156550717,0.09703624630909706,0.14064963997717925,0.174948878646128,0.06685374563765466
0.542653891934572,0.7309366287720659,0.0863126934574285,0.18790581422732028,0.20650170583538255,0.09947105690009415,0.2500165421923694,0.18063779290669033,0.053548309361717714
0.5781278091726201,0.8564194176727876,0.061792694134922894,0.17423100534545935,0.2126988462351705,0.1186979213217031,0.37154166640443154,0.18767651883187272,0.051343999980048224
0.5901252946523982,0.9576149639619371,0.05565643440812397,0.1542502107530076,0.24903557869601106,0.1412507920081559,0.46027047103429225,0.18559236668417398,0.06002860588053143
0.5863834464565053,0.9971896963512098,0.053876575623296064,0.12215688240517099,0.30648877247408784,0.15385287826638028,0.47590199193106986,0.17358221120859135,0.07551266618391336
0.5841957672077243,0.9887694152324944,0.04524441997586414,0.09098439836961472,0.36593738598429404,0.16054588656584515,0.4108572304589151,0.16016781078641,0.09221835999775145
0.5963671812829944,0.9698560824197193,0.03666147184883535,0.08305400571093931,0.40341513356012876,0.17194681249125232,0.2957807456195669,0.1518232402341457,0.10629350463415545
0.616045802518984,0.9535067247138393,0.05409758875926893,0.11391078636495608,0.40327659144207784,0.18023393844118618,0.17703591519187362,0.14816788873110384,0.11814113993223475
0.6216112460252624,0.9150128368356061,0.12413630555416491,0.1777803844569825,0.3713006699701261,0.17050176691431576,0.08772886417297027,0.14627065904078834,0.13273536043289277
0.599921416091822,0.8143962244541759,0.24632286833154443,0.24712411362571754,0.33179995609596824,0.1543576636164095,0.03583887915529636,0.14485409247685108,0.1574515051252387
0.5582176610723457,0.637465614790666,0.38261708455579096,0.29140729252800857,0.3110508237401348,0.15647258750374213,0.012202075471814003,0.14509058604600528,0.19908060465500707
0.5163672017808341,0.423179451012989,0.48597433669856,0.2997664168576852,0.32268504016583954,0.17428698435789974,0.004074289815062614,0.14927757913677808,0.2611099169162133
0.4935385041592661,0.2343633297844649,0.545656656369835,0.2828763018477914,0.3613139079994829,0.1815040325301726,0.0035168908726331584,0.15795227133925777,0.34248750410573936
0.4950387092602118,0.10635034411533083,0.5912478580910251,0.25373441563372784,0.40364935929648893,0.16172003646337754,0.008531938699243354,0.1689870385866454,0.4373824209074231
0.5046974183916028,0.03864809166539748,0.6511398806280936,0.21411601363847615,0.41953091291337186,0.12362472142479117,0.02081224059489426,0.1808822557120107,0.5343360110909431
0.4976034166188838,0.017689965105645297,0.7202781944129898,0.16054174796057066,0.3929853858699085,0.08967194293736588,0.042986463661604045,0.19491406772984293,0.6171869640163907
0.46570768467499746,0.026467471195981206,0.77143506309291765,0.0973752809203875,0.33615240261492635,0.07203482183497809,0.07732361650544985,0.21099911126630325,0.6689168954051151
0.425531587668745,0.04305687460336616,0.7829955730725632,0.03947569810277145,0.2791814939519567,0.06503961545620132,0.1276277739148028,0.22301602040204482,0.6772797514559776
0.3991742256118859,0.04946565054763428,0.7468924484878849,0.0038310553859756714,0.24685327596705633,0.06265764587205323,0.20129654304619984,0.22233754971531206,0.639222819887319
0.3933008211715336,0.045094661448522186,0.6618323599502234,0,0.24794825247419158,0.06700429335988678,0.304324545337043,0.20689224277465273,0.5619296264963861
0.3972044171910256,0.047176479472255985,0.5359268179997781,0.026044698370485148,0.2798767158346929,0.07675199082569992,0.42892858408535217,0.18435084348329522,0.4606370140797482
0.39818886118882,0.0756170783167399,0.395038935937997,0.07137589447143491,0.3304955208737189,0.08318406685832072,0.5460835877050806,0.1645257563631431,0.35473176505248233
0.3995770105901775,0.13574400325546218,0.2760192741699298,0.12343953146825727,0.3758027076062148,0.07892718320217607,0.61537118099489585,0.14902859128343687,0.26338015913485724
0.4221697732606163,0.21478458739232872,0.2079811187133743,0.1718157245356959,0.3896927716014248,0.06282289134209466,0.6086132304313855,0.13032408740732448,0.2013125623272273
0.4806874028019053,0.29483565965431846,0.20127047804809076,0.20688248377531196,0.36522116241663144,0.04012852708068657,0.5283056443135657,0.10191215892662833,0.1753851906572609
0.5571373398785311,0.3695405734442795,0.24643422083187916,0.21839000103454143,0.3243889975107976,0.019779260948538286,0.40458253951601464,0.06774906835835393,0.1829746516159367
0.6074258275541936,0.44312524129261405,0.3157224238108405,0.2002655369439855,0.30170081042282904,0.00777656253188375,0.27494398535650055,0.040541812419248334,0.21327554491991518
0.6018717920287405,0.5096308084415542,0.3717048293047578,0.15939890992610423,0.3144588753692533,0.0049009447296779925,0.16596497674453878,0.032770423346610546,0.251523388762233
0.5521469906502225,0.5468767370663181,0.38557276311525096,0.11910929369916483,0.3478392918146604,0.011686560481028665,0.08831777343140051,0.049930483920395334,0.28438094160251204
0.4907813633260229,0.5405925530244775,0.3522013690338808,0.11070465447813954,0.3700946346336604,0.03150375487060859,0.04082133061669195,0.08828743328651703,0.3036968399629151
0.4335802939481088,0.5018499351162806,0.2906409113769325,0.15566619430649847,0.36273391289588675,0.06573368530066866,0.016103747709316912,0.1352997726206322,0.30691843084020914
0.37385742249307935,0.4498513170770897,0.23169326708831714,0.24855882177376443,0.33458588415724905,0.10819681168211087,0.005338057778119142,0.1745487436833025,0.2949748015477333
0.30702720704565306,0.3864472910144572,0.20227562287644665,0.3529777282288943,0.308604551831948,0.1481197178224124,0.0014839480214632011,0.1962033117912022,0.2700898388056116
0.24763022735982815,0.30365088681850444,0.21819924307701033,0.41844642905003976,0.30081080618728273,0.17543436495476086,4.466343803960485e-4,0.20445468496310482,0.23524701499975145
0.221713511924119,0.2123639453647454,0.2868031252780269,0.4121501635313322,0.3125794787219539,0.18102936329776562,6.715738662879211e-4,0.2107375540738635,0.1949110442958715
0.24839705304394477,0.1441813980188893,0.4060244905662959,0.3420557484524046,0.33475681456474476,0.16008200247138382,0.0026089413167319124,0.21782310979717878,0.1553181050914002
0.32707193183996647,0.12541719000586368,0.551815507430735,0.25036035166992515,0.35193130152113344,0.12046744894322332,0.008958474842038731,0.21536135077547652,0.12322817104042866
0.4358748491715198,0.16328363915321117,0.6718849887680347,0.18452578354436508,0.34726537443302996,0.08231040147032542,0.025080496189228755,0.1942457192669622,0.10366117243970764
0.5387885761157168,0.252015877074197,0.7113639711952711,0.17267423420663477,0.31320472863225746,0.062050497341926046,0.05732905001669166,0.16005490396085567,0.09820549674283324
0.5980782495073675,0.3776710159730178,0.6574891982632064,0.2164600976579282,0.25964918990749497,0.05718136120849526,0.1075091259692662,0.12706562656912165,0.10507536899806076
0.5932723846809486,0.5130803432372487,0.5542931209757834,0.2949043600281715,0.20682974969544493,0.052138864874451185,0.16634599116454873,0.10319781094064114,0.12066040848259954
0.5370835901987036,0.6155523716172939,0.46818479097578614,0.3736370759648677,0.16835093757294783,0.038264926477287756,0.21383052826479856,0.08762405813361987,0.1412252802591659
0.46564616271434556,0.6464908002615276,0.44182303158145747,0.4195672772696159,0.14335753929234243,0.020902167750692032,0.23030281603049305,0.08154842303062958,0.16366717854495635
0.4063798877600951,0.6053798080009412,0.4764502342851415,0.41584521293586163,0.12464592729377079,0.008318795080128397,0.20988234256155483,0.09379041013940236,0.1854228898119175
0.36117963981817336,0.5408550650960053,0.5443906294145251,0.3688931290362656,0.1097075298450959,0.002401020994615083,0.16344428243164588,0.13178717634377318,0.20439424243211743
0.3221511361090315,0.5149896492603825,0.6135709971160033,0.3049349746987481,0.10145204128751292,5.026194905679088e-4,0.1095477240697463,0.18900354023071783,0.21941448893484078
0.29252818161750116,0.5453751751789266,0.6671768651973573,0.25759212660174213,0.10183558193712768,7.636932184427623e-5,0.06330227271734898,0.24450677313857416,0.23100368810584465
0.28585840379340827,0.5870248615930753,0.7047085135439143,0.2501027014370293,0.10918464431315811,8.386146805803063e-6,0.03137988643627347,0.27582961133405864,0.2419809737029941
0.308447737038211,0.5789079488893597,0.7276939181034217,0.28203632569715803,0.12069285971419541,6.209701267735512e-7,0.013206800576216482,0.2720149167516334,0.25779629417085
0.3447129488754019,0.4987498649186873,0.7323764775856918,0.33263453895820144,0.13423022684129918,0,0.004658650718402286,0.23721838739436116,0.2862924081271148
0.36037741696586856,0.36876894446331954,0.7174133791034026,0.3792034236779409,0.1479259548810418,3.245674417702713e-7,0.001359850638794714,0.18684419151046372,0.33600732241274833
0.325817864678051,0.23038191979813233,0.6901124786790446,0.4120925442682002,0.15976310494366275,5.856546561636961e-6,3.24895309415277e-4,0.13982230969384232,0.412383264339172
0.24085679165954213,0.12373616592914681,0.662142076731108,0.433612101377548,0.1676665783140858,6.453244516900806e-5,6.377685298322467e-5,0.1083380307684842,0.5130907675107003
0.13539344370890533,0.07088455406313603,0.6427624495184912,0.45083142997926234,0.1703944543549918,4.958759359808276e-4,1.6834836505311496e-5,0.09145005333420893,0.6256553422699588
0.046838831654647126,0.0679703109417261,0.6351849500928307,0.4758857678765287,0.16951748117307966,0.00268989702036382,4.6583006081181136e-5,0.07991938550333233,0.7302369594546556
0,0.10047044743993387,0.6362444016146452,0.5270941088204808,0.16948908458486017,0.010378853057642523,2.3410617971696658e-4,0.06726521634048734,0.8071588844484225
0.0026775674582318757,0.16295414380422032,0.6400115703000147,0.6167887556686722,0.17365056986760674,0.028764987332602875,9.668962923074411e-4,0.054164090165987694,0.8450613230404779
0.04714427231955618,0.259181072605174,0.6410328541133339,0.732091162176595,0.18115082179098219,0.05805922960918857,0.003208550239293072,0.04346495971790067,0.8447580809016914
0.1098934536179113,0.3852477265254131,0.6311142365004656,0.8319154815635194,0.19061761282595338,0.08715638118198485,0.008570729364952656,0.035676528178311157,0.8168362929813494
0.15831495566242268,0.5145251576053989,0.5965627456768492,0.8712783071469157,0.2053415828803815,0.10093357175240313,0.018468380939999904,0.03159623325139183,0.7750624582130264
0.17114653375276007,0.6092244127209355,0.5296604957741009,0.8341903455249822,0.22868907688707155,0.09653762020216691,0.032159440478313206,0.037133964987264595,0.7295536170947706
0.15798646371463368,0.6541864592345243,0.4480155778235734,0.7423252543873037,0.252870432927225,0.08452188155533621,0.045311899816184206,0.06247929563844968,0.6830255713803819
0.15507482432632763,0.6632556257061595,0.39526601752950113,0.630607324064423,0.2593210064208762,0.07298634942313804,0.051693866159232216,0.11489893069657851,0.6317249199100018
0.197926531466582,0.6470939385078489,0.41230678275975524,0.519226906628619,0.23522256394165547,0.061814412570358974,0.04775245201822645,0.1909947174573808,0.5704412295528649
0.2959676946331651,0.603313444147967,0.501782518630206,0.41248341737186606,0.18631224357483986,0.05417759962063786,0.03569272324152262,0.2744316578344139,0.49835716327444163
0.42772612182135017,0.5474280964298828,0.6182089601784677,0.3162251001578701,0.13158592993180346,0.05989056708451995,0.02155691936051071,0.3414183463665293,0.421441898174157
0.5529794652419895,0.5158920502274441,0.6945208062763588,0.24486178915265425,0.08991343555332576,0.08026510825422775,0.0104990943248349,0.3723665636705537,0.3494037983812468
0.6304057311417168,0.513424201445027,0.6862559846029271,0.21128175674013813,0.07266214740820182,0.09906545307291896,0.004114486850168057,0.36448828614287665,0.2895003496337154
0.6341377793693391,0.48727715080202855,0.6009341324656152,0.2167970536649324,0.08259388432825725,0.0993862251604181,0.0013024234430742204,0.3367171511801244,0.24381048582389467
0.5648229523893589,0.3879548142992247,0.4899923720684199,0.25117390310994486,0.11440024668095139,0.08615044986808386,3.883558753638353e-4,0.32034459981328367,0.21051494178495683
0.44973247060162297,0.23500162778802244,0.4080480450221788,0.29736955784626057,0.15717895439257712,0.08076876220680629,3.996429323519608e-4,0.3392533734248129,0.18718702638243462
0.3295198177258578,0.09391483791151704,0.3738106113644518,0.33630988059238753,0.19964521728500095,0.09547951763287853,0.0014324452370518736,0.3938059132777808,0.17322224719032664
0.23696673316391637,0.011650690228886791,0.3669552292397037,0.35229451925018157,0.2347039246865722,0.12463348900624593,0.004881743942427661,0.46060379018434994,0.17042370726186457
0.18072623840712754,0,0.3574153413919964,0.33760947903441624,0.2595855112487899,0.15998181384557217,0.013554541573018337,0.5078176479616192,0.18231335708084836
0.14712119051941294,0.056790905044037734,0.33389214762507335,0.2942802523713184,0.2720619640990179,0.19933376194462482,0.03052997721860165,0.5143588549854206,0.21269134543095972
0.11944503600663561,0.16688107707923758,0.3083729292201629,0.2333766699703712,0.2674292264122639,0.23365200695124325,0.055861462929711045,0.47972724721428117,0.26356849469273
0.0971135698450833,0.28606069146171853,0.2994233191785708,0.1711326759410342,0.2413618636992654,0.24034452014292312,0.08311627400789633,0.420164937350615,0.3330872416817103
0.09683046149993407,0.36161011753362376,0.3132979255962351,0.12168418891115702,0.19797563218285505,0.2052588854323718,0.10060210198814558,0.357699311078419,0.4147609881405352
0.13588661437404942,0.38198345738436035,0.3407471009623981,0.09188838734126259,0.15375043873104155,0.14625893200349085,0.09902763851103524,0.31126951058627284,0.498825839137009
0.21490780245052718,0.3766390960547769,0.36890263333605866,0.0834701592718005,0.12884511948367675,0.10146486555239337,0.07920927005140782,0.2926756614922672,0.574787307089913
0.31719049880619243,0.363992720688285,0.3914253297363464,0.09926935444068972,0.13117909668192992,0.0924590736941914,0.051419833744302576,0.30469608569404644,0.6333071486812957
0.42171015493631403,0.3378001510692794,0.40648068231064377,0.14574760278449272,0.14865806391262695,0.10606215091160484,0.02705102402998495,0.34019308974219287,0.6667229445044383
0.5107310099231192,0.30439415142231835,0.41030134675057023,0.22772290035932055,0.1581313258940608,0.11514912779330068,0.011516618924133169,0.38422898745620004,0.6693389582823577
0.5672151880581262,0.2956048999929275,0.39799479409124616,0.33831573404731113,0.14410503910767647,0.11056804401290131,0.003975894811218316,0.4199004276169027,0.6387366484251948
0.578138083550931,0.34124427638898647,0.36946317724141753,0.4535799545991571,0.11120016783327227,0.10515166559482039,0.0012028343783751809,0.4341425605874957,0.5775972231958654
0.5475088478287373,0.44301726250564016,0.3301668565466829,0.5412732422374426,0.08037236413790996,0.1137505060991247,7.890116455763189e-4,0.4195661591815088,0.494274235630831
0.498783599253921,0.5655714349823364,0.2864183080005978,0.580068994866245,0.07409219207604567,0.13944341843220018,0.0023305592949144156,0.3744267890424208,0.40118702705312576
0.4573579377805513,0.6537152758176589,0.24445357405568643,0.5709348967527573,0.10225966876071049,0.17532507342028159,0.007807003060697742,0.3048809459756786,0.3118554610007061
0.43463221637796656,0.6798076885163882,0.21532445358912497,0.5298770353514046,0.1548130084568667,0.21738947332650213,0.02169606689326461,0.22666084811844692,0.23800620319397034
0.4322942125010886,0.6678491340786772,0.21561626528427685,0.47452520356564887,0.2045309941088232,0.2733894132477993,0.04947498675214998,0.16037574946153588,0.1873874883212755
0.45337838754670834,0.6547162256956002,0.2570460986402258,0.4209366144493871,0.22413508894540976,0.34568474255172355,0.09315176842723281,0.12288115023736719,0.1622101752863944
0.49919019456710934,0.6507485435430693,0.3348135780009098,0.38691942356403636,0.20860338215252816,0.40765942886591106,0.14613135654379203,0.12165307241770584,0.15852168953790907
0.5563084403470321,0.6555936236540898,0.4302009920707297,0.38821130237321055,0.17940184859249822,0.41955934619064666,0.19355884158985343,0.1529765422584892,0.1675621532295532
0.5950767648618663,0.6800153868406621,0.525246379010463,0.426380851889047,0.16306050785140452,0.37187210255002684,0.2209155510107307,0.20252656425104035,0.17966089267246504
0.5890727035251406,0.7296599854041466,0.6126787682960532,0.48116500365410025,0.16745427712216546,0.2943239454874716,0.22377560936807753,0.2516024476890605,0.18919081996709847
0.5381695069077714,0.7894301113796685,0.6928081575400225,0.5196913609815419,0.1798792518721982,0.22145429942031108,0.20850048439902544,0.28850666534686736,0.1973372095734975
0.4690285978806465,0.8374657554407041,0.7621644872288961,0.5202990426727778,0.1824232018116987,0.1688531313937526,0.18425348543056225,0.3142427497535712,0.2102441324838908
0.41156909310024486,0.8647369730981801,0.8033032935790697,0.4902723060726353,0.1652401276743451,0.14094290685312424,0.15684964035810248,0.3352342667867328,0.23350084372329283
0.3766392560507787,0.8806405116461453,0.78872629494472,0.45742426765339234,0.12999068258474078,0.14281003296128497,0.12954211325605156,0.35184110845483996,0.2671047653545422
0.3558610199632534,0.9038856524662097,0.7051761692238571,0.44194812437062153,0.0871868740494188,0.17543753241356044,0.10492778334935632,0.3555187518184415,0.3049136037616411
0.3379733007339375,0.9431359230571953,0.5782921022738552,0.43759825375604955,0.05033117553911866,0.219685113334037,0.08391437962227448,0.3351544071541442,0.3389513596018105
0.3178612306365417,0.9847326702737718,0.46454314579187406,0.4207057181815064,0.02941374547377514,0.23820112957740475,0.0659485439657163,0.28542137023179787,0.3648154831224615
0.2893469611275274,1,0.41056035728470175,0.37503161699016935,0.028164877117878965,0.20849646041124972,0.05256645191530225,0.2127327497415215,0.38355382021533585
0.2417139866149185,0.9649615840381747,0.4213298365125525,0.3064145743830681,0.04497602864322632,0.14542752881836113,0.04876202519794482,0.13552093045737604,0.3987078208083371
0.17331249695554465,0.88153732332292,0.4667102547503089,0.23594866031539496,0.07308073152337849,0.08141350653771905,0.05839789522126868,0.07685711806123315,0.411749156938933
0.10270961517541558,0.781180546235587,0.5098349198854984,0.1837924721828859,0.10054865337130794,0.0367670396243819,0.07802442401098679,0.05465080083411348,0.4204419681730626
0.05760694955048969,0.6962665030112909,0.5275517443479986,0.16163768217991656,0.1157469089435742,0.013421905441711311,0.09624224585659857,0.07632953805310592,0.4214316618627428
0.053700137284024965,0.6289208761798286,0.5159052147643151,0.17568248780788054,0.11686377191537607,0.004823416077928286,0.10067645199713952,0.13658441705514837,0.4141015566472166
0.08683439432895707,0.5591571969823249,0.48678878547172194,0.22732646418370514,0.11389656221699324,0.0060993568740483764,0.08699856624330987,0.21542526333581427,0.4019737585104409
0.1413385694036396,0.48022117678612836,0.45649308106594766,0.30682279346444646,0.11767195560184773,0.019089358549201248,0.061588499632652574,0.28327034363837833,0.3909775252712615
0.2008713457609564,0.4152372208303218,0.4305679607013414,0.39012987790021847,0.12848354065205328,0.049789073268022115,0.035568286770459596,0.31791659410841794,0.38682543103111794
0.2540056963619565,0.39642598528944784,0.40121657608983585,0.44729101262084564,0.1394089204914432,0.09719948787862986,0.016699539122638815,0.3195590800543856,0.3934875533325474
0.29791814435148933,0.42918749122178673,0.36423738072082573,0.4595348008804365,0.14956149998986065,0.14541713892241487,0.00638098096566587,0.3054304833168827,0.4126256541260073
0.3413044380594086,0.4809431588357104,0.3356469972953044,0.4346525922248235,0.16868321607903639,0.17568811333127482,0.002154099334429092,0.2896051526454942,0.44297166248175013
0.3993817588698425,0.5116347050942307,0.3431104449739507,0.4051505478001491,0.20648146542699528,0.18602264477937022,0.0014371004832855118,0.27158873116488275,0.4797182763931923
0.478980800757653,0.5113281957734087,0.39770664204683476,0.4029250293689297,0.2590361447630322,0.18943504136785014,0.003636865113083063,0.24333050078195761,0.5150278110383866
0.5676373271548527,0.49901064493872277,0.4785119479479439,0.4309171950753541,0.30606061938042806,0.19719690406566123,0.010625098062818394,0.20263626848269733,0.5401858757432673
0.6409976160526617,0.4913474902816989,0.5479738787962227,0.4611645563750034,0.3219522801229117,0.21551971445364576,0.025727463638977197,0.15933663159599754,0.5485081857558102
0.6818782429480453,0.4866102791245634,0.5801795965043188,0.46155041765301413,0.2941844273222956,0.2531046752049998,0.05042703379360726,0.13144776988389556,0.5375752421156499
0.6913952737005097,0.47698117520121214,0.5753426645122972,0.4249537513617945,0.23560247620005526,0.31242404750816977,0.07986463801329169,0.13565285592936877,0.5099556739696074
0.6843906085879435,0.4652281435624958,0.5537648167724333,0.3749172626265258,0.17726866948603254,0.3690582541583015,0.10247751115239541,0.17790083321491,0.4728292566599801
0.6778063091033721,0.4640634050555902,0.5361054473457918,0.3439280723275653,0.14470045768193515,0.38154510878788556,0.1082015223907781,0.24906039498545784,0.4353370849087871
0.6811464638165292,0.47657865479089656,0.5225326048487061,0.3452747041995688,0.13946344787874415,0.3351990853937831,0.0997704445233571,0.3278592108073216,0.40473330550947006
0.6914226157194492,0.4798493008334605,0.4920861186885434,0.36729282747831443,0.143567086862999,0.261649792461149,0.09438437463855118,0.38933784740768895,0.3834655238689795
0.6965224829203917,0.441132056812057,0.4295293232030549,0.39486018694386543,0.13875662943112255,0.20570900283533392,0.11078036781131664,0.41417753992486295,0.3683308288811533
0.6887881846318236,0.3563682331006011,0.3498433316234898,0.42930862840817,0.11928696902216558,0.18284976481176662,0.15173879878917576,0.3948171129269217,0.3525726239170122
0.6742387132900998,0.2616019566585289,0.287977318294142,0.48041801418743524,0.09017160524172216,0.1780177212456416,0.19838240280816935,0.3368817531394527,0.32980620493591534
0.6626215905601955,0.20188865407210974,0.2667341856043537,0.5431785816208085,0.06034206678748403,0.180927224908948,0.22518427768951452,0.2560955881425551,0.29773043764135765
0.6519104930934865,0.19761244373424017,0.28093523485227717,0.5925299026380709,0.039390494033771345,0.20345077116926766,0.22563590786884813,0.17230360721175653,0.2598185805738215
0.6316424256801298,0.23845123121194314,0.3094589295032795,0.6038421288425097,0.03745575655705382,0.25494478319258956,0.21915520082761394,0.10399603106093819,0.22407047936904437
0.6015180985384808,0.2949371304736968,0.33730350151965416,0.5747563232760448,0.06488271753195347,0.32287999715378407,0.22902838417847704,0.06439547301419446,0.19919795928378067
0.5780672885918149,0.3343589643341329,0.36731641976789164,0.5254398453575567,0.1280401497642249,0.38793878205012716,0.25435228744131005,0.05960718629625392,0.19011391737215708
0.5777268780006799,0.34110791886027847,0.4093760892034756,0.4795984305439896,0.22021063611010727,0.4352238645275576,0.2686617049103803,0.08763844848986167,0.19541581305635453
0.5984740565682267,0.3286861236540874,0.45579805604279827,0.44563116671436165,0.3166540737009181,0.4469599234372497,0.24725317817859932,0.13891018905790828,0.2086226382991744
0.6236210739845272,0.326523733859018,0.47910258702761244,0.41602591520111637,0.38574699084062153,0.4073660703644846,0.1922699688062458,0.1992459423336426,0.22244523679486397
0.6379666412666158,0.35695526987837045,0.46735653613138606,0.38140116599295754,0.4089831223938169,0.3205005757103048,0.12953082501455118,0.2548878437389978,0.23316551084208123
0.6352425666999584,0.42319873081459125,0.44915980011201034,0.3443862473229088,0.38763124350723743,0.2169568086668516,0.08456733589185107,0.2982393148521911,0.2421475833793537
0.6168176579570532,0.5054914123982013,0.462342488982246,0.3204235806966968,0.33236042060559773,0.13920193322937383,0.06439523573932743,0.331253055926013,0.25370900137395436
0.5891487497967876,0.5729496290185141,0.5044670609665932,0.32597418248462967,0.2554327737517862,0.11261345128349912,0.05880855774908162,0.36131021984189876,0.2712519413576663
0.5608260175279254,0.6132188531663298,0.534470811034679,0.3661537095081582,0.17382537903374806,0.12854160147396335,0.05380943689969287,0.38937689041955953,0.2945963131055385
0.5419477259560619,0.6377022373227945,0.5220711128647443,0.43085573575210323,0.10968073053106416,0.15909723857099264,0.04282523342474183,0.40233978195852443,0.32017087178958503
0.5449048570752504,0.6509580641327498,0.48238786668386274,0.49684342483731775,0.08020369546355577,0.18403520812737156,0.028110295446530518,0.3829800703467307,0.3432970270062436
0.5779045129016699,0.6409991176594564,0.46061405907419256,0.533910115876616,0.08698230231968596,0.19858612472545753,0.014994629329459417,0.33171052892263525,0.36035475441127784
0.6341389824375427,0.6022189777624275,0.4853075200398073,0.521582960118001,0.11567501125947792,0.20308802867156225,0.0064789096026246695,0.27602928640719226,0.36934469685737437
0.6910373588866222,0.5400480237688269,0.5349563010564433,0.46931983520184845,0.14659529572360608,0.19358680394395,0.0022668024231588227,0.25388382924306147,0.3693027191260563
0.720854359018753,0.4572732432028533,0.5549130626934561,0.41331853105175137,0.16831206200046464,0.16369588483717595,6.422078941838751e-4,0.2858919316783292,0.36002442679170116
0.7025540673826479,0.3583041244954943,0.5122939858958249,0.3858644291195643,0.17965270668858446,0.11603852714078237,1.4729822105592018e-4,0.3632113792799564,0.34269751519358327
0.6319363885672443,0.25962506198802116,0.4279284521228078,0.3925919911985422,0.18113875469711377,0.0676025141951619,2.7753060970289578e-5,0.45921088356690104,0.3206094610940962
0.5274881985093943,0.17982794015979228,0.3514354039457365,0.4201674742112646,0.17026740777214547,0.0400125678119184,8.538725180599391e-6,0.5478560216680882,0.29878345778960347
0.4232691744787105,0.12266430078001517,0.3156017713941642,0.4539051342529546,0.14797076849762122,0.05157258074518574,3.500944441176171e-5,0.6100692344233987,0.2822784364307352
0.3493329820050122,0.08098053655458887,0.3208056099989718,0.4824885200403815,0.12521847459577692,0.12200296013770452,2.111665876956347e-4,0.6297658502473938,0.27390377126621435
0.31385934729295945,0.05813596977765016,0.3521671462318176,0.49613309429933433,0.11813090835110533,0.2730922566308265,0.0010205146241050649,0.5942085881738124,0.2726387157374436
0.29974341920240843,0.07482585642914086,0.3980272962659672,0.4907655700567767,0.13503704545527268,0.5083506903110803,0.0039041789233135935,0.5033912471383195,0.2740574974622602
0.27905419641047036,0.14595939572464614,0.4531425211762758,0.4727594985248732,0.1690575024489931,0.777828801868605,0.011841673598680567,0.37767326984912086,0.2731999395229232
0.23733412504376486,0.2536127112129424,0.51146585858786775,0.454243404606868,0.20396909478219946,0.9654437068707845,0.0285339472482316,0.2526481914873197,0.2684848038276248
0.18715666585343227,0.3538095358828277,0.5566411783849528,0.44472531161822676,0.22604948361194416,0.9528851326121386,0.05475396673777663,0.16288324099917895,0.26378684950508036
0.15607484686453857,0.415307319263339,0.5651442998377191,0.4493186154230495,0.22976354647925723,0.733230390065389,0.08389768463622559,0.1256776682791638,0.2666141695709698
0.16073295659478476,0.44232203444068,0.5312385413086645,0.4687125444438085,0.21622560613660524,0.4334497604809102,0.10296268126121473,0.13472269498316636,0.2833043135862612
0.19290341927706645,0.4527597969435138,0.485620486451547,0.49400973516313257,0.1916305086093011,0.19781636182947776,0.10158973006533198,0.16638382442700675,0.31459874111406344
0.23023225361902325,0.4480583540575949,0.47159794189882426,0.5070548806526637,0.16696862619444744,0.08114247988533181,0.08122680791652968,0.1942573746436543,0.3545107463935341
0.2623507072936421,0.4181796994317561,0.498804115860164,0.4953542807512885,0.15387606656275113,0.05955332476220057,0.054376689110191403,0.20279480806633823,0.392792150063456
0.3046322469081311,0.36623276006096084,0.5335474694501242,0.46588869229248925,0.15731214593800727,0.0895685571507947,0.03553243291887414,0.19130140090965975,0.41919333501390627
0.3782351447007596,0.3106277753302845,0.5388471512318507,0.4393562986679698,0.17414646625190738,0.13430580544484388,0.0336850024374416,0.16744912850906457,0.42746451644756117
0.47812143396274326,0.26658076026815986,0.5100916262941398,0.43298441677049854,0.19943190510787454,0.16594802076767814,0.050508493085423094,0.13831060411570387,0.4177426902468354
0.5729485071343761,0.24161417506725164,0.4633156447202153,0.4508961959992343,0.2279246039543111,0.17016522220564623,0.0810364607885254,0.1076144245526803,0.3964981238017376
0.6349522950756079,0.24626724271434275,0.4037944930601249,0.4848200194289582,0.24726261184522386,0.14981530933205792,0.11571392349690808,0.07948298151652537,0.3738830462499819
0.655202560181219,0.2897429784377109,0.3247234163896182,0.5192311962183819,0.24019504105043296,0.11923915227849365,0.14550866508530175,0.06089347343815369,0.3596151850431774
0.6320636720799523,0.36183393123522034,0.23108582896580251,0.5399542572133668,0.20201429556390127,0.08988593532662557,0.16670743799520066,0.057763552167623876,0.35948339004355734
0.5662676975217651,0.43461491087639226,0.1470990672289175,0.5425918985266391,0.14960529977811882,0.06297532870393002,0.17906187268310242,0.06989345296124792,0.37393030786765097
0.47344535457661224,0.4875266347245379,0.10003224982455096,0.533610038247062,0.10612435535989861,0.03773555841367791,0.1797765844070446,0.09350061367872033,0.39860154296570316
0.3824555241948785,0.5225585482495141,0.10706772985806011,0.5246286172267786,0.08043312565289339,0.017834456594169164,0.16345248871809492,0.1299217357201658,0.4261370667333156
0.3109413352962197,0.5508597069058216,0.17283807046744387,0.5247357103945118,0.06575269889941289,0.00633370245477905,0.12966511875869802,0.18728672990469483,0.44904516531900074
0.2561176337077607,0.5701586338399013,0.28450992494179167,0.5327254785539507,0.05427905924656772,0.0016616790493201201,0.08765817842787038,0.26719052947080024,0.46338803364196435
0.21571798704084605,0.5647914104570756,0.4093703098732551,0.5349253167971864,0.04764933219610506,4.196253580742156e-4,0.05143617610222806,0.3495300834664489,0.47145071712397696
0.20160220274371823,0.5295196476281593,0.5049550173920627,0.5164590507231899,0.053359681984628704,7.221792798200251e-4,0.03173127318825521,0.39804655223525764,0.48091444793490834
0.22338379898157076,0.4830312431334511,0.5419450842271426,0.47906180467105874,0.07352658671988059,0.00313981789448194,0.03365239455927943,0.3875430401938991,0.499460188816786
0.27069599270710026,0.45055843708599463,0.5268817269706669,0.4441492873821769,0.09804445025833244,0.010721985120676432,0.059302027237167244,0.32569139392480884,0.5287985041714242
0.3219808570267773,0.437369316934549,0.5001110650699858,0.43270840187727316,0.10992540742877868,0.027432159698457716,0.10848784945388705,0.24704548354279446,0.5631500762177714
0.36517855788750214,0.4273658314890442,0.5001260519150261,0.44206760708561965,0.09928831222158511,0.053054337120063785,0.17454055257761034,0.18812728378313956,0.5924731410464714
0.39883129751556295,0.4086447669373009,0.5294232331376294,0.4451770617109287,0.07186440594346621,0.07839703881806283,0.23986302650115426,0.16739937605566585,0.6078190947539498
0.41877623375785566,0.39079815599801865,0.5630578448183048,0.4127048642332605,0.0432999408228501,0.08941032838526067,0.27924850366432474,0.1802111672235536,0.6050644354237779
0.41605752107972926,0.3913304212250327,0.5857153056944624,0.3355233833892073,0.027781643581433105,0.0792786182907362,0.27351781996660346,0.20465869003372034,0.5851844184423298
0.38799483794886497,0.4149558972781287,0.605851248970088,0.22952838449296079,0.03375009010085669,0.054765558392177796,0.22383685687630706,0.21440807640148715,0.551919004178569
0.3418720087860409,0.45371024591728976,0.6307283242871401,0.12383613033161577,0.06651281858461393,0.02934593233927261,0.1520662004942521,0.1945566178101647,0.5092134349435568
0.28720182954416695,0.4963153782341603,0.6419615214591121,0.04457159958502081,0.12914132164471867,0.01211876443898235,0.08528016804214954,0.1505812625486438,0.4604316385698329
0.23176520392706007,0.528190403157269,0.6118420367913963,0.004335801477847612,0.21892548993061825,0.004189549492177848,0.03929110344336945,0.10215100810888739,0.40941591694488305
0.1849420379000655,0.5330610364226818,0.542184991121689,6.007569065714461e-4,0.3245514215198095,0.0033319389865447426,0.014812071594471302,0.06740848704045031,0.3615346541589665
0.15736068493225241,0.5065790308874072,0.46844839093100094,0.021734263125789372,0.42907512225862404,0.010133380461598712,0.004559824934772685,0.05272698803759919,0.3228153298391231
0.15515821517143064,0.46459711199169035,0.4193842009663628,0.05678335998500012,0.5189215631866092,0.02970784467942749,0.0011898855048752088,0.05512387322672403,0.297362996843967
0.17804227434394038,0.43303922987567073,0.38997090779622406,0.10304547087244588,0.5932511766190359,0.06613775437269045,5.17383217724121e-4,0.0694854291838837,0.28536636493179024
0.22189804635425772,0.43223829590350143,0.3611973770943317,0.1659866775194833,0.6634176721691085,0.11340608925402644,0.0012978349831388365,0.08996520830618623,0.28378147365100587
0.2773402851287289,0.4651669430708602,0.328586211384706,0.2505465593600715,0.7384867564893987,0.1547061498870461,0.004471232336379956,0.10709936808478204,0.2894636864144635
0.32526853667680633,0.5104346797361102,0.301871413651549,0.34941091884656944,0.8107674465755761,0.1747244074463294,0.012809199637247262,0.11075609434855305,0.30239807065669233
0.3424726763848167,0.53248672773367,0.2909065219368702,0.43964615652321826,0.861317066112757,0.17229881498624733,0.02980360197130304,0.10013514571197445,0.3264913883753156
0.3198705508292819,0.5097972093613818,0.30227417688384317,0.49640278854631253,0.882350937631225,0.15977514025552406,0.05651959619852613,0.08879955161995841,0.3669761808599617
0.275059078567244,0.4559331016785677,0.341892167917577,0.5148809883266783,0.888844827201549,0.15056026059852662,0.08816007181725544,0.0960205336320947,0.4256954328744344
0.24165277549887046,0.41099838093472263,0.41192623020354957,0.5166130884883219,0.9042295006054804,0.15287069419176166,0.11534466299810615,0.13141499760355657,0.4972606042275264
0.244066148250767,0.401539406134502,0.5048839323680361,0.5299692875560389,0.9379896154189026,0.17963159670446494,0.13167264405241452,0.18692624048558393,0.5691948657392266
0.28398990418255465,0.40592160307532926,0.600507042848056,0.5653700530220491,0.9780485821694648,0.24701040892728465,0.14001622341989156,0.24201564317917015,0.6269150277042925
0.3471520220676658,0.3807409256945664,0.6673741683379594,0.610644260391192,1,0.3423118976488441,0.14931935580058453,0.27641263318647347,0.6607387063189697
0.41349448710171455,0.32418614671314705,0.6753140923034012,0.6456131111856639,0.9826185423265011,0.40897242809591644,0.16618488047119678,0.2814653377041122,0.6700926694093615
0.4618029309103857,0.281040445273248,0.6176247736952035,0.6570704129081543,0.9190430724895556,0.39173536241858764,0.19180276159701162,0.26500184040211955,0.662164354954322
0.479716578598556,0.2814371156671558,0.5220605341082767,0.6446320595951625,0.8182381353851145,0.29306888644887946,0.22362172853533202,0.24781538547970583,0.6468261963428537
0.47882340708137544,0.30644398987225896,0.4338643086533156,0.6195291837214012,0.7002262581299087,0.16899266096343696,0.2539778545337674,0.2521507199282566,0.6322555712870456
0.49325236762609775,0.3159439811937578,0.38495951826618896,0.597650431062527,0.5892828925913748,0.07484563397936311,0.26902289676094193,0.28818805126075164,0.6238993814075767
0.5531560434071194,0.28909180574939314,0.37705842153616137,0.5894485596480665,0.5037185648071338,0.02895498957388157,0.2577805170443138,0.3475854802604325,0.6257635453794808
0.6580889237992448,0.2405789144608682,0.38896579033758355,0.5940464671293312,0.446944975914804,0.023876468737169854,0.22646511935555869,0.40722916812986254,0.6414117903834263
0.7785488052773224,0.2085995411819335,0.39776782041025033,0.6006285179501737,0.41118617074699304,0.052084022572154165,0.20057479328272176,0.4403715868419444,0.6733619505003761
0.8782841936543317,0.2212311361957063,0.3963479477486086,0.5943179256309711,0.39212171675809865,0.10877720715282169,0.20834489944958814,0.4319356286126912,0.7215212628938473
0.930551290815671,0.27259015787985,0.39237318641852986,0.5650324039466653,0.3979665698365512,0.17604122856465776,0.25912433989542716,0.3900900211342108,0.7820432481161168
0.9238767937342962,0.33814261299107684,0.39073992499871746,0.516144903917951,0.4426032357295752,0.2206205593710339,0.3353020444410807,0.3417252690645324,0.8475895355123568
0.866010433268541,0.4032717610121405,0.38411112333096376,0.46503069624495436,0.5282838769812309,0.21942987594972593,0.4043426990354422,0.31312994764375496,0.9091141594302474
0.7811720817092305,0.46414355360311854,0.36555019532747235,0.4328003530506861,0.633368513963018,0.18618944450994845,0.44102423010481107,0.3152463242635481,0.9583214230017338
0.6986177327796506,0.5106523411936963,0.3395690437233771,0.43091498759993774,0.7195943369789787,0.16427286550404388,0.4412461732811888,0.34584880027144893,0.9894865492215029
0.6449603754913593,0.5242143580408323,0.31237779311939684,0.4540538666458893,0.7561934704534248,0.18469556689441188,0.416003857807142,0.39947420698866026,1
0.642411020869908,0.494993385952293,0.2829900188727553,0.4833651552729944,0.7382816345791319,0.22934703913661084,0.37504119637218564,0.4705265229455381,0.9901900196111352
0.7019641521161415,0.43435515061092267,0.2522190688399901,0.4993085764459754,0.6830781110766515,0.24714712419182047,0.32141256026211484,0.5471882705992869,0.9631922234865488
0.8116218163326131,0.36619597807808635,0.22992246037764513,0.4976585888440455,0.6130514106918956,0.21387443673713669,0.2610244176623074,0.6065631063429587,0.9247034000898485
0.9304632713733032,0.31169897700469645,0.2268440546456264,0.49578924363249366,0.5437506069717405,0.16178893683192805,0.2080077249441545,0.6226335608771183,0.8819747221433435
1,0.28258590145452345,0.24497848990785187,0.518880023929541,0.48154142177595577,0.1407098549258601,0.17438766019979,0.58401868381059,0.8421487396964022
0.9810623242380663,0.27959254603935485,0.27584786011777895,0.5743399876973708,0.42676165725155063,0.1653360581376911,0.15825498633702598,0.5027146241232743,0.8106978196670805
0.8919202014968981,0.2958191927365337,0.30304390154570787,0.6408263263765188,0.37682685931474225,0.21213865669318074,0.1467769817427625,0.4030214177341509,0.7902881041151978
0.7950720915499705,0.3241441224518801,0.31132812266979026,0.6875803830155963,0.3269294803150745,0.2560391618994086,0.12881849723326147,0.3053995376187599,0.7800271640146548
0.7369499355999957,0.362558175265932,0.30164977224998335,0.7055759681590228,0.27266341394669075,0.2939760943669179,0.10216759886246053,0.22452218624236067,0.7757210529698604
0.7161348860193548,0.4170217588340873,0.29519962540801,0.7162093748113185,0.21746920931075822,0.3321812948940155,0.07173512124601526,0.17630888026417701,0.7720090369780569
0.7105507223987485,0.4943845503386201,0.31715652039310527,0.7482687353758787,0.17553055422558916,0.36625115037781847,0.04487270107732547,0.17531286337261665,0.7655708920589848
0.7084809594795939,0.5842935203215676,0.3750632783731995,0.809259392905134,0.1617109642742444,0.38475809813191736,0.02786488408771951,0.22149666450774258,0.7566922667593405
0.705084708267813,0.6583055373164101,0.44923857239148346,0.8805239952198654,0.17856727273297973,0.3847691091832223,0.023963284781660914,0.2935832422105157,0.7473389515852148
0.6905876357747542,0.6964756731264296,0.5005535057169889,0.9372405839204317,0.21512892336427977,0.377458472422532,0.032875721060355946,0.35903095991676864,0.7372854510770459
0.6546259979747133,0.7074592890813287,0.494849539290142,0.9697706154840946,0.25504085130951143,0.3809756950771044,0.051569427345774056,0.392194534415064,0.722024359040036
0.595997687265579,0.71747065513084,0.43157317988074606,0.9855902376819012,0.28337595053349474,0.4027813033166867,0.0763116004152451,0.3858960981570674,0.6952463475827904
0.5250649632772166,0.7437738352776038,0.34993994952331553,0.9937924341768708,0.2915207036524607,0.43033691901820875,0.10483196439439722,0.3499337009382192,0.6530040265723642
0.4585617684824842,0.7810899476581612,0.2997918061692352,0.9915592714719266,0.2821980496475099,0.45029532752520973,0.13512854961069135,0.30114956028181106,0.5961702135425063
0.41130402932686777,0.8095032232977194,0.3026955604244835,0.9661743961015015,0.2678771577019972,0.469100168248359,0.16047350623206957,0.2546597514501324,0.5297377852811604
0.39275648396172586,0.8108395666298569,0.34324132777123967,0.9081847634366781,0.260253675458426,0.5050398075191516,0.16849823224111987,0.22168532099850602,0.46049476941471135
0.40915322268188736,0.7793834588330731,0.39581295607312167,0.822983351297426,0.2617526808374162,0.570182337299823,0.15038083186929305,0.2101945134296534,0.39510933108872914
0.46004401494404246,0.7261535331687835,0.45026596788248696,0.730979412736883,0.2661097808414046,0.6610501484512609,0.11107879565941349,0.2223829723311781,0.3390339833128203
0.5297265433463387,0.6755927276734541,0.50802849286781,0.6545146851587753,0.26276895876839684,0.7558241786377368,0.06688163051918372,0.2516979568950121,0.29561027250012295
0.5916829115141248,0.6472166850042245,0.5641835473057021,0.6018931924977121,0.24150707111112477,0.8229657422778928,0.032620473792613874,0.2871781855179153,0.2654282550233265
0.6280253360268582,0.6374965558602701,0.6044886255889652,0.5640853243735283,0.19924757351516403,0.8397349883186639,0.013185464928208667,0.32352178369594314,0.24666864926344712
0.6401316293644321,0.6263583597824827,0.6178274133392254,0.5267938659351403,0.14553383150244223,0.805979201267005,0.005773325409343584,0.36409198270885934,0.23641115578981384
0.6399724482126395,0.5991958134665598,0.6059996302770451,0.4840027318343864,0.09894773623529819,0.752918435486547,0.006459799722740226,0.41050152462825945,0.23182570247490558
0.6407975835927914,0.5608027725338759,0.5822517627553392,0.4401081362290725,0.07527933410481005,0.7392881488830618,0.013577651412260507,0.45181684225303526,0.23048544604222357
0.6577422361644587,0.5335454646519325,0.562589935154763,0.40252291442026844,0.07720082789327139,0.803509590640132,0.026260054238489962,0.47010362473335443,0.23034183516449205
0.7015613790901396,0.5389074045894452,0.5586943184613931,0.37494531617514515,0.0929715633746539,0.8980914091050813,0.04105519846921212,0.45712399506986406,0.23026388350280452
0.7586074842055484,0.5739939509329463,0.5761941417911329,0.35634574406187536,0.1044317535454765,0.9059670623518308,0.05138980101125604,0.42113586624660043,0.23088955820371354
0.7864541174396285,0.6136179657010017,0.6110377549929152,0.3438196370066792,0.09923196451542249,0.7555784498140112,0.05156188451134356,0.37758621449967233,0.23450066544256704
0.7482888746124021,0.6418180226166782,0.6436345474683312,0.33572695875279485,0.07900346326338274,0.4996726119858495,0.04168353341842612,0.33828094457953856,0.2432792632076373
0.65290419219767,0.6663290424068532,0.6473549449155942,0.3305594681046852,0.05752724767929416,0.257137932093354,0.02792545752886518,0.30881621880223986,0.2569818963553283
0.5474364081967564,0.6888447279594074,0.6131728484529168,0.3211794417992431,0.05194417069724384,0.10212998150293655,0.018328382460416206,0.2877214865837048,0.27183250496049055
0.4712096011274426,0.6797732747212898,0.5631138250755316,0.29590116252405385,0.07487663001532165,0.03143600133253597,0.01966372292201385,0.2653318600186918,0.28156029655219844
0.4312646919164438,0.6067546916462622,0.5343940514744302,0.25349816827625643,0.13014047830888428,0.008751496708403373,0.03761531442759097,0.2302482762448974,0.2800687561209287
0.4200543642729653,0.48032632871374453,0.5498499531798725,0.21404462913565728,0.210307380242655,0.006988055328984387,0.07658637027833022,0.18242828217234333,0.264385301865849
0.43327495610152905,0.3532658550166665,0.6022455460801716,0.20430204584871278,0.29754783284753383,0.016281824716471036,0.1360920133654413,0.13573006750255537,0.23642876138130153
0.46129302405792605,0.27581816438842255,0.6635753293593424,0.23173147099814528,0.37024475441351545,0.03330756774039785,0.20695226952949786,0.1041666525825177,0.20250478670148558
0.47951303637189946,0.2589936727525202,0.7047132597391859,0.27620099344827953,0.41162806232108606,0.05131418747620672,0.2727738861714909,0.08910421546735794,0.1704175223535605
0.46018986637422105,0.276067159819596,0.7035316653331701,0.30411235761678707,0.4139386609316373,0.06200056589913045,0.3163825593448854,0.0818050676903455,0.14556825496389492
0.39136319486332016,0.28647514037263677,0.6433327637097683,0.29043115025942573,0.3778054862752775,0.06429318233853142,0.3257228186433005,0.07401087429435989,0.12841312945536856
0.28363073064970445,0.25889871226855543,0.5202164460412605,0.2325083982235504,0.311058719880427,0.0626629056651737,0.2970484489699191,0.06265819690573295,0.1150171409652812
0.1633291169349073,0.1875711148976448,0.3560021262153026,0.14813670108957547,0.2278968684289064,0.0570929653938225,0.23720217671260554,0.04765236870576498,0.10028819472687277
